status,url
200,https://www.liangqinjiamu.com/qa/
200,https://www.liangqinjiamu.com/qa/%e8%89%af%e7%a6%bd%e4%bd%b3%e6%9c%a8%e4%bd%bf%e7%94%a8%e7%9a%84%e6%8b%bc%e6%9d%bf%e4%b9%b3%e8%83%b6%e6%98%af%e4%bb%80%e4%b9%88%e5%93%81%e7%89%8c/
200,https://www.liangqinjiamu.com/qa/%e8%89%af%e7%a6%bd%e4%bd%b3%e6%9c%a8%e7%9a%84%e6%8b%bc%e6%9d%bf%e5%ae%bd%e5%ba%a6%e5%92%8c%e5%8e%9a%e5%ba%a6%e6%a0%87%e5%87%86%e6%98%af%e4%bb%80%e4%b9%88/
200,https://www.liangqinjiamu.com/qa/%e8%89%af%e7%a6%bd%e4%bd%b3%e6%9c%a8%e7%9a%84%e9%bb%98%e8%ae%a4%e9%85%8d%e7%bd%ae%e5%8c%85%e6%8b%ac%e5%93%aa%e4%ba%9b/
200,https://www.liangqinjiamu.com/qa/%e8%89%af%e7%a6%bd%e4%bd%b3%e6%9c%a8%e7%9a%84%e5%ae%9a%e5%88%b6%e6%9f%9c%e7%b1%bb%e4%bb%b7%e6%a0%bc%e5%a6%82%e4%bd%95%e8%ae%a1%e7%ae%97/
200,https://www.liangqinjiamu.com/qa/%e8%89%af%e7%a6%bd%e4%bd%b3%e6%9c%a8%e7%9a%84%e6%95%b0%e5%ad%97%e5%8c%96%e5%b7%a5%e5%8e%82%e6%9c%89%e4%bb%80%e4%b9%88%e7%89%b9%e7%82%b9/
200,https://www.liangqinjiamu.com/qa/%e8%89%af%e7%a6%bd%e4%bd%b3%e6%9c%a8%e7%9a%84%e4%b8%80%e6%ac%a1%e5%ae%89%e8%a3%85%e6%88%90%e5%8a%9f%e7%8e%87%e6%98%af%e5%a4%9a%e5%b0%91/
200,https://www.liangqinjiamu.com/qa/%e4%bb%80%e4%b9%88%e6%98%afpdi%e6%b5%81%e7%a8%8b/
200,https://www.liangqinjiamu.com/qa/%e8%89%af%e7%a6%bd%e4%bd%b3%e6%9c%a8%e7%9a%84%e7%89%a9%e6%b5%81%e9%85%8d%e9%80%81%e6%9c%8d%e5%8a%a1%e6%80%8e%e4%b9%88%e6%a0%b7/
200,https://www.liangqinjiamu.com/qa/%e8%89%af%e7%a6%bd%e4%bd%b3%e6%9c%a8%e7%9a%84%e5%ae%89%e8%a3%85%e4%ba%a4%e4%bb%98%e5%9b%a2%e9%98%9f%e6%9c%89%e4%bb%80%e4%b9%88%e7%89%b9%e7%82%b9/
200,https://www.liangqinjiamu.com/qa/%e8%89%af%e7%a6%bd%e4%bd%b3%e6%9c%a8%e7%9a%84%e6%9c%a8%e8%9c%a1%e6%b2%b9%e6%b6%82%e8%a3%85%e5%b7%a5%e8%89%ba%e6%9c%89%e4%bb%80%e4%b9%88%e7%89%b9%e7%82%b9/
200,https://www.liangqinjiamu.com/qa/%e8%89%af%e7%a6%bd%e4%bd%b3%e6%9c%a8%e4%bd%bf%e7%94%a8%e7%9a%84%e6%9c%a8%e8%9c%a1%e6%b2%b9%e6%98%af%e4%bb%80%e4%b9%88%e5%93%81%e7%89%8c/
200,https://www.liangqinjiamu.com/qa/%e8%89%af%e7%a6%bd%e4%bd%b3%e6%9c%a8%e7%9a%84%e5%8e%9f%e6%9c%a8%e5%ae%9a%e4%b9%89%e6%98%af%e4%bb%80%e4%b9%88/
200,https://www.liangqinjiamu.com/qa/%e4%bb%80%e4%b9%88%e6%98%af%e7%9c%9f%e6%ad%a3%e7%9a%84%e5%a4%a7%e6%9d%bf%e7%9b%b4%e6%8b%bc/
200,https://www.liangqinjiamu.com/qa/%e8%89%af%e7%a6%bd%e4%bd%b3%e6%9c%a8%e7%9a%84%e9%87%8f%e5%b0%ba%e8%ae%be%e8%ae%a1%e6%9c%8d%e5%8a%a1%e5%8c%85%e6%8b%ac%e5%93%aa%e4%ba%9b%e5%86%85%e5%ae%b9/
200,https://www.liangqinjiamu.com/qa/%e8%89%af%e7%a6%bd%e4%bd%b3%e6%9c%a8%e4%bd%bf%e7%94%a8%e7%9a%84%e9%93%b0%e9%93%be%e6%98%af%e4%bb%80%e4%b9%88%e5%93%81%e7%89%8c/
200,https://www.liangqinjiamu.com/qa/%e8%89%af%e7%a6%bd%e4%bd%b3%e6%9c%a8%e4%bd%bf%e7%94%a8%e7%9a%84%e6%8a%bd%e5%b1%89%e6%bb%91%e8%bd%a8%e6%98%af%e4%bb%80%e4%b9%88%e5%93%81%e7%89%8c/
200,https://www.liangqinjiamu.com/qa/%e8%89%af%e7%a6%bd%e4%bd%b3%e6%9c%a8%e7%9a%84%e5%b7%a5%e4%bd%9c%e5%ae%a4%e5%92%8c%e5%b7%a5%e5%8e%82%e6%9c%89%e4%bb%80%e4%b9%88%e7%89%b9%e7%82%b9/
200,https://www.liangqinjiamu.com/qa/%e5%8d%97%e5%8c%97%e6%96%b9%e5%9c%b0%e5%8c%ba%e5%a6%82%e4%bd%95%e9%80%89%e6%8b%a9%e5%8e%9f%e6%9c%a8%e5%ae%b6%e5%85%b7/
200,https://www.liangqinjiamu.com/qa/%e8%89%af%e7%a6%bd%e4%bd%b3%e6%9c%a8%e7%9a%84%e8%ae%be%e8%ae%a1%e6%9c%8d%e5%8a%a1%e6%9c%89%e4%bb%80%e4%b9%88%e7%89%b9%e7%82%b9/
200,https://www.liangqinjiamu.com/qa/%e5%8e%9f%e6%9c%a8%e5%ae%9a%e5%88%b6%e5%ae%b6%e5%85%b7%e9%80%82%e5%90%88%e5%93%aa%e4%ba%9b%e8%a3%85%e4%bf%ae%e9%a3%8e%e6%a0%bc/
200,https://www.liangqinjiamu.com/qa/%e8%89%af%e7%a6%bd%e4%bd%b3%e6%9c%a8%e7%9a%84%e7%8e%af%e4%bf%9d%e6%a0%87%e5%87%86%e6%98%af%e4%bb%80%e4%b9%88/
200,https://www.liangqinjiamu.com/qa/%e5%8e%9f%e6%9c%a8%e5%ae%b6%e5%85%b7%e5%a6%82%e4%bd%95%e4%bf%9d%e5%85%bb/
200,https://www.liangqinjiamu.com/qa/%e6%a9%a1%e6%9c%a8%e5%92%8c%e6%a9%a1%e8%83%b6%e6%9c%a8%e6%98%af%e4%b8%80%e6%a0%b7%e7%9a%84%e5%90%97/
200,https://www.liangqinjiamu.com/qa/%e5%8c%97%e7%be%8e%e7%99%bd%e6%a9%a1%e6%9c%a8%e5%92%8c%e7%ba%a2%e6%a9%a1%e6%9c%a8%e6%9c%89%e4%bb%80%e4%b9%88%e5%8c%ba%e5%88%ab/
200,https://www.liangqinjiamu.com/qa/%e5%ae%9e%e6%9c%a8%e5%ae%9a%e5%88%b6%e5%ae%b6%e5%85%b7%e5%92%8c%e5%8e%9f%e6%9c%a8%e5%ae%9a%e5%88%b6%e5%ae%b6%e5%85%b7%e6%9c%89%e4%bb%80%e4%b9%88%e5%8c%ba%e5%88%ab/
200,https://www.liangqinjiamu.com/qa/%e5%85%a8%e4%b8%bb%e6%9d%90%e5%8e%9f%e6%9c%a8%e5%ae%9a%e5%88%b6%e5%92%8c%e6%99%ae%e9%80%9a%e5%ae%9a%e5%88%b6%e6%9c%89%e4%bb%80%e4%b9%88%e5%8c%ba%e5%88%ab/
200,https://www.liangqinjiamu.com/qa/%e8%89%af%e7%a6%bd%e4%bd%b3%e6%9c%a8%e7%9a%84%e6%9c%a8%e6%9d%90%e9%80%89%e6%96%99%e6%a0%87%e5%87%86%e6%98%af%e4%bb%80%e4%b9%88/
200,https://www.liangqinjiamu.com/qa/%e8%89%af%e7%a6%bd%e4%bd%b3%e6%9c%a8%e7%9a%84%e4%b8%bb%e6%9d%90%e5%90%ab%e9%87%8f%e6%98%af%e5%a4%9a%e5%b0%91/
200,https://www.liangqinjiamu.com/qa/%e8%89%af%e7%a6%bd%e4%bd%b3%e6%9c%a8%e6%9c%89%e5%93%aa%e4%ba%9b%e8%a1%8c%e4%b8%9a%e8%ae%a4%e8%af%81%e5%92%8c%e5%a5%96%e9%a1%b9/
200,https://www.liangqinjiamu.com/qa/%e8%89%af%e7%a6%bd%e4%bd%b3%e6%9c%a8%e7%9a%84%e5%90%88%e4%bd%9c%e4%bc%99%e4%bc%b4%e6%9c%89%e5%93%aa%e4%ba%9b/
200,https://www.liangqinjiamu.com/qa/%e8%89%af%e7%a6%bd%e4%bd%b3%e6%9c%a8%e5%85%ac%e5%8f%b8%e6%88%90%e7%ab%8b%e5%a4%9a%e4%b9%85%e4%ba%86/
200,https://www.liangqinjiamu.com/qa/%e8%89%af%e7%a6%bd%e4%bd%b3%e6%9c%a8%e7%9a%84%e5%93%81%e7%89%8c%e7%90%86%e5%bf%b5%e6%98%af%e4%bb%80%e4%b9%88/
200,https://www.liangqinjiamu.com/qa/%e4%b9%8c%e6%8b%89%e5%9c%ad%e7%8e%ab%e7%91%b0%e6%9c%a8%e7%9a%84%e8%80%90%e7%94%a8%e6%80%a7%e5%a6%82%e4%bd%95/
200,https://www.liangqinjiamu.com/qa/%e5%8c%97%e7%be%8e%e6%a8%b1%e6%a1%83%e6%9c%a8%e6%9c%89%e4%bb%80%e4%b9%88%e7%8b%ac%e7%89%b9%e4%b9%8b%e5%a4%84/
200,https://www.liangqinjiamu.com/qa/%e5%8c%97%e7%be%8e%e7%99%bd%e8%9c%a1%e6%9c%a8%e9%80%82%e5%90%88%e7%94%a8%e5%9c%a8%e5%93%aa%e4%ba%9b%e7%a9%ba%e9%97%b4/
200,https://www.liangqinjiamu.com/qa/%e5%8c%97%e7%be%8e%e9%bb%91%e8%83%a1%e6%a1%83%e6%9c%a8%e6%9c%89%e5%93%aa%e4%ba%9b%e4%bc%98%e5%8a%bf/
200,https://www.liangqinjiamu.com/qa/%e5%8c%97%e7%be%8e%e7%99%bd%e6%a9%a1%e6%9c%a8%e6%9c%89%e4%bb%80%e4%b9%88%e7%89%b9%e7%82%b9/
